Proposições,Classe,Apreciação,Regime de Tramitação,Natureza,Ementa,Explicação ,Autor,UF,Partido,Apresentação,Ano,,Situação,Link 
PL 7122/2017,Aborto,Plenário,"Prioridade (151, II, RICD)",A favor,Dispõe sobre a concessão de licença e de salário-maternidade nos casos de aborto não criminoso e de nascimento de bebê natimorto.,"Altera o Decreto-Lei nº 5.452, de 1943 e a Lei nº 8.213, de 1991.",Luciano Ducci,PR,PSB,3/15/2017,2017,Apensada,Aguardando Criação de Comissão Temporária pela MESA,http://www2.camara.gov.br/proposicoesWeb/fichadetramitacao?idProposicao=2125614
PDC 1487/2014,Aborto,Plenário,"Ordinária (151, III, RICD)",Contra,"Susta a eficácia da Portaria nº 415, de 21 de maio de 2014 do Secretário de Atenção à Saúde do Ministério da Saúde, que inclui o procedimento interrupção da gestação/ antecipação terapêutica do parto previstas em lei e todos os seus atributos na Tabela de Procedimentos, Medicamentos, Órteses e Materiais Especiais do SUS.",,Eduardo Cunha,RJ,PMDB,5/27/2014,2014,Raiz,Pronta para Pauta,http://www2.camara.gov.br/proposicoesWeb/fichadetramitacao?idProposicao=617025
PDC 1490/2014,Aborto,Plenário,"Ordinária (151, III, RICD)",Contra,"Susta a Portaria 415, de 21 de maio de 2014, ""que inclui o procedimento interrupção da gestação/antecipação terapêutica do parto previstas em lei e todos os seus atributos na Tabela de Procedimentos, Medicamentos, Órteses/Próteses e Materiais Especiais do SUS, por exorbitar o exercício do poder regulamentar, nos termos do art. 49, V, da Constituição Federal""",,Andre Moura,SE,PSC,5/28/2014,2014,Raiz,Tramitando em Conjunto,http://www2.camara.gov.br/proposicoesWeb/fichadetramitacao?idProposicao=617448
PDC 1757/2005,Aborto,Plenário,"Ordinária (151, III, RICD)",Indefinido,Dispõe sobre convocação de plebiscito relativo à interrupção da gravidez até à décima segunda semana de gravidez.,,Osmânio Pereira,MG,PTB,6/15/2005,2005,Raiz,Devolvida ao Autor,http://www2.camara.gov.br/proposicoesWeb/fichadetramitacao?idProposicao=290179
PDC 1832/2005,Aborto,Plenário,"Ordinária (151, III, RICD)",Indefinido,Dispõe sobre convocação de plebiscito relativo à interrupção da gravidez até à décima segunda semana de gestação.,,Osmânio Pereira,MG,S. PART.,8/17/2005,2005,Raiz,Arquivada,http://www2.camara.gov.br/proposicoesWeb/fichadetramitacao?idProposicao=297261
PDC 2840/2010,Aborto,Plenário,"Ordinária (151, III, RICD)",Contra,"Susta os efeitos gerados pelo ato do Poder Executivo na participação da elaboração do Documento ""Consenso de Brasília"", originado por Conferência organizada por Órgão da Organização das Nações Unidas em conjunto com a Secretaria de Política para as Mulheres do Brasil.",Apoio do Governo Brasileiro à irrestrita prática do aborto.,Paes de Lira,SP,PTC,8/4/2010,2010,,Devolvida ao Autor,http://www2.camara.gov.br/proposicoesWeb/fichadetramitacao?idProposicao=484558
PDC 42/2007,Aborto,Plenário,"Ordinária (151, III, RICD)",Contra,Susta a aplicação de Norma Técnica expedida pelo Ministério da Saúde .,Norma Técnica do Aborto - Prevenção e tratamento dos agravos resultantes da violência social contra mulheres e adolescentes (vítima de estupro).,Henrique Afonso,AC,PT,5/11/2007,2007,,Arquivada,http://www2.camara.gov.br/proposicoesWeb/fichadetramitacao?idProposicao=351366
PDC 467/2000,Aborto,Plenário,"Ordinária (151, III, RICD)",Indefinido,"Estabelece consulta plebiscitária sobre o aborto, união civil e prisão perpétua por ocasião de eleições gerais.",,Inocêncio Oliveira,PE,PFL,5/16/2000,2000,,Arquivada,http://www2.camara.gov.br/proposicoesWeb/fichadetramitacao?idProposicao=13834
PDC 565/2012,Aborto,Plenário,"Ordinária (151, III, RICD)",Contra,"Susta a aplicação da decisão do Supremo Tribunal Federal proferida na Arguição de Descumprimento de Preceito Fundamental nº 54, que declara não ser crime a ""antecipação terapêutica de parto"" de anencéfalos.",,Pastor Marco Feliciano,SP,PSC,5/9/2012,2012,,Aguardando Deliberação do Recurso na Mesa Diretora da Câmara dos Deputados (MESA),http://www2.camara.gov.br/proposicoesWeb/fichadetramitacao?idProposicao=544070
PDC 566/2012,Aborto,Plenário,"Ordinária (151, III, RICD)",Contra,"Susta a aplicação da decisão do Supremo Tribunal Federal proferida na Arguição de Descumprimento de Preceito Fundamental- ADPF 54, com a finalidade de lograr interpretação conforme a Constituição da disciplina legal dada ao aborto pela legislação penal infraconstitucional, para explicitar que ela não se aplica aos casos de antecipação terapêutica do parto na hipótese de fetos portadores de anencefalia, devidamente certificada por médico habilitado, anulando-se todos os atos dela decorrentes.",,Roberto de Lucena;João Campos;Salvador Zimbaldi,SP;GO;SP,PV ;PSDB ;PDT,5/10/2012,2012,,Aguardando Deliberação do Recurso na Mesa Diretora da Câmara dos Deputados (MESA),http://www2.camara.gov.br/proposicoesWeb/fichadetramitacao?idProposicao=544270
PDC 737/1998,Aborto,Plenário,"Ordinária (151, III, RICD)",Contra,Susta a aplicação de Norma Técnica expedida pelo Ministério da Saúde.,"SUSTANDO A NORMA TECNICA QUE PERMITE A PRATICA DE ABORTO NOS HOSPITAIS MEDIANTE A APRESENTAÇÃO DO BOLETIM DE OCORRENCIA POLICIAL, ACOMPANHADO DE DECLARAÇÃO DA GESTANTE DE QUE A GRAVIDEZ FOI RESULTADO DE VIOLENCIA SEXUAL.",Severino Cavalcanti,PE,PPB,11/19/1998,1998,,Arquivada,http://www2.camara.gov.br/proposicoesWeb/fichadetramitacao?idProposicao=14140
PEC 164/2012,Aborto,Plenário,"Especial (202, RICD)",Contra,Dá nova redação ao caput do art. 5º da Constituição Federal.,Estabelece a inviolabilidade do direito à vida desde a concepção.,Eduardo Cunha ;João Campos,RJ;GO,PMDB ;PSDB,5/2/2012,2012,Raiz,Aguardando Parecer do Relator na Comissão de Constituição e Justiça e de Cidadania (CCJC),http://www2.camara.gov.br/proposicoesWeb/fichadetramitacao?idProposicao=543252
PEC 25/1995,Aborto,Plenário,"Especial (202, RICD)",Contra,DA NOVA REDAÇÃO AO CAPUT DO ARTIGO QUINTO DA CONSTITUIÇÃO FEDERAL.,"GARANTINDO DEFINITIVAMENTE A INVIOLABILIDADE DO DIREITO A VIDA, DESDE A SUA CONCEPÇÃO, ALTERANDO A Constituição Federal de 1988).",SEVERINO CAVALCANTI,PE,PFL,3/21/1995,1995,Raiz,Arquivada,http://www2.camara.gov.br/proposicoesWeb/fichadetramitacao?idProposicao=169262
PEC 303/2008,Aborto,Plenário,"Especial (202, RICD)",Contra,Altera o caput do art. 231 da Constituição Federal,Reconhece aos índios o respeito à inviolabilidade do direito à vida nos termos dos Direitos e Garantias Fundamentais da Constituição Federal de 1988.,Pompeo de Mattos,RS,PDT,11/11/2008,2008,Apensada,Arquivada,http://www2.camara.gov.br/proposicoesWeb/fichadetramitacao?idProposicao=415399
PEC 408/2005,Aborto,Plenário,"Especial (202, RICD)",Contra,"Acrescenta o inciso LXXIX ao art. 5º da Constituição Federal, dispondo sobre o direito à vida e vedando a clonagem humana.",Altera a Constituição Federal de 1988.,Durval Orlato,SP,PT,6/9/2005,2005,Apensada,Arquivada,http://www2.camara.gov.br/proposicoesWeb/fichadetramitacao?idProposicao=288980 
PEC 553/2002,Aborto,Plenário,"Especial (202, RICD)",Contra,Acrescenta o inciso LXXVIII ao art. 5º da Constituição Federal.,Dispondo sobre o direito do embrião ou feto ao dom precioso da vida; alterando a Constituição Federal de 1988.,Paulo Lima,SP,PMDB,6/19/2002,2002,Raiz,Arquivada,http://www2.camara.gov.br/proposicoesWeb/fichadetramitacao?idProposicao=58079
PEC 571/2002,Aborto,Plenário,"Especial (202, RICD)",Contra,Acrescenta o inciso LXXVIII ao art. 5º da Constituição Federal.,"Dispondo que a vida do nascituro se inicia com a concepção e serão punidas, severamente, as práticas que resultem em sua morte, sofrimento ou mutilação, na forma da lei; alterando a Constituição Federal de 1988.",Paulo Lima,SP,PMDB,10/29/2002,2002,Raiz,Arquivada,http://www2.camara.gov.br/proposicoesWeb/fichadetramitacao?idProposicao=90438
PEC 62/2003,Aborto,Plenário,"Especial (202, RICD)",Contra,Dá nova redação ao caput do artigo 5º da Constituição Federal.,Garante ao nascituro o direito à vida desde a sua concepção; altera a Constituição Federal de 1988.,Severino Cavalcanti,PE,PPB,5/19/2003,2003,Apensada,Arquivada,http://www2.camara.gov.br/proposicoesWeb/fichadetramitacao?idProposicao=116177
PL 1008/1988,Aborto,Plenário,"Ordinária (151, III, RICD)",A favor,DISPÕE SOBRE LICENÇA PATERNIDADE E DA OUTRAS PROVIDENCIAS.,"FIXANDO EM DEZ DIAS O PERIODO PARA LICENÇA PATERNIDADE, APLICANDO O DISPOSTO NO ARTIGO SETIMO, INCISO XIX DA Constituição Federal de 1988).",PAULO PAIM,RS,PT,10/11/1988,1988,Raiz,Arquivada,http://www2.camara.gov.br/proposicoesWeb/fichadetramitacao?idProposicao=185878
PL 1035/1991,Aborto,Plenário,"Prioridade (151, II, RICD)",Indefinido,"Dispõe sobre a criminalização, punição e prevenção da prática e do emprego da tortura",,Vivaldo Barbosa,RJ,PDT,5/15/1991,1991,Apensada,Pronta para Pauta no PLENÁRIO (PLEN),http://www2.camara.gov.br/proposicoesWeb/fichadetramitacao?idProposicao=16171
PL 1085/2011,Aborto,Plenário,"Ordinária (151, III, RICD)",A favor,Dispõe sobre a assistência para a mulher vítima de estupro que vier a optar por realizar aborto legal.,Concede bolsa-auxílio à mulher que engravidar em decorrência de estupro e optar por realizar aborto legal ou que sofrer aborto espontâneo.,Cleber Verde,MA,PRB,4/14/2011,2011,Apensado,Pronta para Pauta na Comissão de Constituição e Justiça e de Cidadania (CCJC); Aguardando Parecer do Relator na Comissão de Defesa dos Direitos da Mulher (CMULHER),http://www2.camara.gov.br/proposicoesWeb/fichadetramitacao?idProposicao=498623
PL 1091/2003,Aborto,"Conclusiva (24, II, RICD)","Ordinária (151, III, RICD)",Contra,"Dispõe sobre a exigência para que hospitais municipais, estaduais e federais implantem um programa de orientação à gestante sobre os efeitos e métodos utilizados no aborto, quando este for autorizado legalmente.",,Durval Orlato,SP,PT,5/27/2003,2003,Raiz,Arquivada,http://www2.camara.gov.br/proposicoesWeb/fichadetramitacao?idProposicao=117044
PL 1097/1991,Aborto,Plenário,"Ordinária (151, III, RICD)",A favor,DISPÕE SOBRE A INTERRUPÇÃO DA GRAVIDEZ E DA OUTRAS PROVIDENCIAS.,"GARANTINDO A LIVRE INTERRUPÇÃO DA GRAVIDEZ ATE A DECIMA SEMANA DE GESTAÇÃO, FIXANDO AS HIPOTESES DE REALIZAÇÃO DO ABORTO A PARTIR DESSE PERIODO.",NOBEL MOURA,RO,PTB,6/21/1991,1991,Raiz,Arquivada,http://www2.camara.gov.br/proposicoesWeb/fichadetramitacao?idProposicao=187294
PL 1104/1991,Aborto,"Conclusiva (24, II, RICD)","Ordinária (151, III, RICD)",A favor,"DA NOVA REDAÇÃO AO INCISO II, ARTIGO 131, DA CONSOLIDAÇÃO DAS LEIS DO TRABALHO.",NÃO SENDO CONSIDERADA FALTA AO SERVIÇO A AUSENCIA DA EMPREGADA DURANTE LICENCIAMENTO COMPULSORIO POR MOTIVO DE ABORTO.,EDUARDO JORGE,SP,PT,6/11/1991,1991,Raiz, Transformado na Lei Ordinária 8921/1994,http://www2.camara.gov.br/proposicoesWeb/fichadetramitacao?idProposicao=187407
PL 1107/1991,Aborto,Plenário,"Ordinária (151, III, RICD)",A favor,"DA NOVA REDAÇÃO AOS ARTIGOS 124, 125, 126 E 127 DO CODIGO PENAL, REFERENTES AO CRIME DE ABORTO.",AGRAVANDO AS PENAS PARA OS QUE PRATICAREM O ABORTO).,MATHEUS IENSEN,PR,PTB,6/11/1991,1991,Raiz,Arquivada,http://www2.camara.gov.br/proposicoesWeb/fichadetramitacao?idProposicao=187454
PL 1135/1991,Aborto,Plenário,"Ordinária (151, III, RICD)",A favor,Suprime o art. 124 do Código Penal Brasileiro,"Suprime o artigo que caracteriza crime o aborto provocado pela gestante ou com seu consentimento; (liberalização do aborto); altera o Decreto-lei nº 2.848, de 1940. Co-autora: deputada Sandra Starling - Pt/Mg.",Eduardo Jorge;Sandra Starling,SP;MG,PT ;PT,5/28/1991,1991,Raiz,Arquivada,http://www2.camara.gov.br/proposicoesWeb/fichadetramitacao?idProposicao=16299
PL 1190/2011,Aborto,Plenário,"Ordinária (151, III, RICD)",Contra,"Institui o ""Dia do Nascituro"", a ser comemorado no dia 8 de outubro de cada ano, e dá outras providências.",,João Campos,GO,PSDB,4/27/2011,2011,Raiz,Devolvida ao Autor,http://www2.camara.gov.br/proposicoesWeb/fichadetramitacao?idProposicao=499805
PL 1459/2003,Aborto,Plenário,"Ordinária (151, III, RICD)",Contra,Acrescenta um parágrafo ao art. 126 do Código Penal.,"Aplica pena de reclusão aos casos de abortos provocados em razão de anomalia na formação do feto ou ""aborto eugênico""; altera o Decreto-Lei nº 2.848, de 1940.",Severino Cavalcanti,PE,PP,7/9/2003,2003,,Aguardando Designação de Relator,http://www2.camara.gov.br/proposicoesWeb/fichadetramitacao?idProposicao=124063
PL 1522/2015,Aborto,Plenário,"Ordinária (151, III, RICD)",A favor,"Altera o art. 395 da Consolidação das Leis do Trabalho - CLT, para assegurar a garantia de emprego contra dispensa arbitrária ou sem justa causa à trabalhadora em caso de aborto não criminoso.","Altera o Decreto-lei nº 5.452, de 1943.",Luciano Ducci,PR,PSB,5/13/2015,2015,,Tramitando em Conjunto,http://www2.camara.gov.br/proposicoesWeb/fichadetramitacao?idProposicao=1266746
PL 1545/2011,Aborto,Plenário,"Ordinária (151, III, RICD)",Contra,"Inclui art. 128-A no Decreto-Lei nº 2.848, de 07 de dezembro de 1940.",Tipifica o crime de aborto praticado por médico quando não for os tipos admitidos no Código Penal: necessário ou quando a gravidez resultante de estupro (sentimental).,Eduardo Cunha,RJ,PMDB,6/8/2011,2011,Raiz,Aguardando Parecer,http://www2.camara.gov.br/proposicoesWeb/fichadetramitacao?idProposicao=507573
PL 176/1995,Aborto,Plenário,"Ordinária (151, III, RICD)",A favor,Dispõe sobre a opção da interrupção da gravidez.,,José Genoíno,SP,PT,3/14/1995,1995,Apensada,Arquivada,http://www2.camara.gov.br/proposicoesWeb/fichadetramitacao?idProposicao=15125
PL 1763/2007,Aborto,Plenário,"Ordinária (151, III, RICD)",A favor,Dispõe sobre a assistência à mãe e ao filho gerado em decorrência de estupro.,,Jusmari Oliveira ;Henrique Afonso,BA;AC,PR ;PT,8/14/2007,2007,Apensado,Pronta para Pauta na Comissão de Constituição e Justiça e de Cidadania (CCJC); Aguardando Parecer do Relator na Comissão de Defesa dos Direitos da Mulher (CMULHER),http://www2.camara.gov.br/proposicoesWeb/fichadetramitacao?idProposicao=362577
PL 20/1991,Aborto,"Conclusiva (24, II, RICD)","Ordinária (151, III, RICD)",Contra,"Dispõe sobre a obrigatoriedade de atendimento dos casos de aborto previstos no Código Penal, pelo Sistema Único de Saúde.",,Eduardo Jorge,SP,PT,2/19/1991,1991,Raiz,Aguardando Deliberação do Recurso na Mesa Diretora da Câmara dos Deputados (MESA),http://www2.camara.gov.br/proposicoesWeb/fichadetramitacao?idProposicao=14943
PL 2059/2003,Aborto,"Conclusiva (24, II, RICD)","Prioridade (151, II, RICD)",Indefino,"Disciplina o uso de laqueadura e da vasectomia, como um dos componentes do Planejamento Familiar no Sistema Único de Saúde, estabelece penalidade e dá outras providências.",,Maninha,DF,PT,9/24/2003,2003,Raiz,Arquivada,http://www2.camara.gov.br/proposicoesWeb/fichadetramitacao?idProposicao=134831
PL 2155/2007,Aborto,"Conclusiva (24, II, RICD)","Ordinária (151, III, RICD)",Contra,"Institui o ""Dia do Nascituro"", a ser festejado no dia 8 de outubro de 2007 de cada ano, e prescreve medidas a serem adotadas pelos Poderes a que se refere, para efeito da respectiva comemoração.",,Dr. Talmir,SP,PV,10/3/2007,2007,Raiz,Arquivada,http://www2.camara.gov.br/proposicoesWeb/fichadetramitacao?idProposicao=370235
PL 2423/1989,Aborto,Plenário,"Prioridade (151, II, RICD)",Indefinido,"Dispõe sobre os crimes de tortura, terrorismo, tráfico ilícito de entorpecentes e drogas afins ,dando outras providências.",,Senado Federal - Jamil Haddad,RJ,PSB,5/24/1989,1989,Raiz,Pronta para Pauta no PLENÁRIO (PLEN),http://www2.camara.gov.br/proposicoesWeb/fichadetramitacao?idProposicao=18103
PL 2433/2007,Aborto,Plenário,"Ordinária (151, III, RICD)",Contra,"Altera os arts. 124, 125 e 126 do Código Penal (Decreto-Lei nº 2.848, de 7 de dezembro de 1940).","Aumenta a pena de detenção para a gestante que realizar ou consentir o aborto, a pena de reclusão para o aborto realizado por terceiros e tipifica o crime de induzir, instigar ou auxiliar mulher grávida a abortar.",Marcelo Serafim,AM,PSB,11/14/2007,2007,Raiz,Retirado pelo Autor,http://www2.camara.gov.br/proposicoesWeb/fichadetramitacao?idProposicao=376911
PL 2438/1989,Aborto,Plenário,"Ordinária (151, III, RICD)",Contra,AUTORIZA ATIVIDADES DE PRATICAS E MEIOS ANTICONCEPCIONAIS E DA PROVIDENCIAS.,,INOCENCIO OLIVEIRA,PE,PFL,5/29/1989,1989,Raiz,Arquivada,http://www2.camara.gov.br/proposicoesWeb/fichadetramitacao?idProposicao=203485
PL 244/1983,Aborto,Plenário,"Ordinária (151, III, RICD)",Contra,"AUTORIZA ATIVIDADES DE PRATICAS E MEIOS ANTICONCEPCIONAIS, E DA OUTRAS PROVIDENCIAS.",,INOCENCIO OLIVEIRA,PE,PDS,3/17/1983,1983,Raiz,Arquivada,http://www2.camara.gov.br/proposicoesWeb/fichadetramitacao?idProposicao=173746
PL 2690/2007,Aborto,Plenário,"Ordinária (151, III, RICD)",Contra,"Acrescenta o art. 127-A ao Decreto-Lei nº 2.848, de 7 de dezembro de 1940 - Código Penal.","Tipifica como crime a propaganda e o induzimento aos métodos ou substâncias abortivas (""aborto ilegal"").",Miguel Martini,MG,PHS,12/19/2007,2007,,Arquivada,http://www2.camara.gov.br/proposicoesWeb/fichadetramitacao?idProposicao=382059
PL 2852/2000,Aborto,"Conclusiva (24, II, RICD)","Ordinária (151, III, RICD)",Indefinido,Dispõe sobre a concessão de licença especial para gestante em situação de risco e dá outras providências.,"Concede licença especial a empregada grávida, cuja gravidez ofereça risco, para si ou para o nascituro mediante solicitação de ginecologista/obstetra, credenciado do SUS, e laudo comprobatório, obriga o empregador a pagar a diferença entre o salário e o benefício.",Professor Luizinho;Iara Bernardi,SP;SP,PT ;PT,4/13/2000,2000,Raiz,Arquivada,http://www2.camara.gov.br/proposicoesWeb/fichadetramitacao?idProposicao=18716
PL 3039/2015,Aborto,"Conclusiva (24, II, RICD)","Ordinária (151, III, RICD)",A favor,"Dispõe sobre o direito dos advogados ao adiamento de atos processuais em que deva intervir em caso de maternidade, paternidade, luto e outros direitos.",,Ronaldo Fonseca,DF,PROS,9/17/2015,2015,,Arquivada,http://www2.camara.gov.br/proposicoesWeb/fichadetramitacao?idProposicao=1734481
PL 3166/1992,Aborto,Plenário,"Ordinária (151, III, RICD)",Contra,"REGULAMENTA O INCISO XII, DO ARTIGO QUINTO, DA CONSTITUIÇÃO FEDERAL E MODIFICA O ARTIGO 151 DO CODIGO PENAL.","DISPONDO SOBRE A INVIOLABILIDADE DO SIGILO DA CORRESPONDENCIA E DAS COMUNICAÇÕES TELEGRAFICAS, DE DADOS E DAS COMUNICAÇÕES TELEFONICAS, OU ESCUTA TELEFONICA E SUAS RESSALVAS, REGULAMENTANDO DISPOSITIVOS DA CONSTITUIÇÃO FEDERAL DE 1988.",SENADO FEDERAL - MARCIO LACERDA,MT,PMDB,9/16/1992,1992,Raiz,Arquivada,http://www2.camara.gov.br/proposicoesWeb/fichadetramitacao?idProposicao=210242
PL 3207/2008,Aborto,Plenário,"Ordinária (151, III, RICD)",Contra,"Acresce os incisos VIII, IX e X ao art. 1º da Lei nº 8.072, de 25 de julho de 1990.","Inclui o induzimento, instigação ou auxílio ao suicídio (eutanásia) e o aborto provocado nos crimes considerados hediondos.",Miguel Martini,MG,PHS,4/8/2008,2008,Apensado,Aguardando Designação de Relator na Comissão de Defesa dos Direitos da Mulher (CMULHER),http://www2.camara.gov.br/proposicoesWeb/fichadetramitacao?idProposicao=389698
PL 3348/2000,Aborto,Plenário,"Ordinária (151, III, RICD)",Contra,"Altera a Lei nº 8.974, de 5 de janeiro de 1995, que ""regulamenta os incisos II e V do § 1º do art. 225 da Constituição Federal, estabelece normas para o uso das técnicas de engenharia genética e liberação no meio ambiente de organismos geneticamente modificados, autoriza o Poder Executivo a criar, no âmbito da Presidência da República, a Comissão Técnica Nacional de Biossegurança, e dá outras ...","Autorizando a intervenção ""in vivo"" em material genético de animais com a finalidade de restauração, reparação e tratamento de defeitos genéticos; agravando a pena para os crimes cometidos em função da utilização indevida da intervenção in vivo em animal e no ser humano.",Fernando Ferro,PE,PT,6/28/2000,2000,Apensada,Arquivada,http://www2.camara.gov.br/proposicoesWeb/fichadetramitacao?idProposicao=19516
PL 3609/1993,Aborto,Plenário,"Ordinária (151, III, RICD)",A favor,DISPÕE SOBRE A OPÇÃO DA INTERRUPÇÃO DA GRAVIDEZ.,FIXANDO EM ATE 90 DIAS O PRAZO PERMITIDO PARA A REALIZAÇÃO DO ABORTO).,JOSE GENOINO,SP,PT,3/22/1993,1993,Apensada,Arquivada,http://www2.camara.gov.br/proposicoesWeb/fichadetramitacao?idProposicao=214314
PL 3673/2008,Aborto,Plenário,"Ordinária (151, III, RICD)",Contra,"Altera o art. 124 do Decreto-Lei nº 2.848, de 7 de dezembro de 1940 (Código Penal).",Reduz a pena de detenção para um a dois anos no caso de crime de aborto.,Pompeo de Mattos,RS,PDT,7/3/2008,2008,,Arquivada,http://www2.camara.gov.br/proposicoesWeb/fichadetramitacao?idProposicao=403331
PL 3748/2008,Aborto,Plenário,"Ordinária (151, III, RICD)",A favor,Autoriza o Poder Executivo a conceder pensão à mãe que mantenha a criança nascida de gravidez decorrente de estupro.,,Sueli Vidigal ,ES,PDT,7/16/2008,2008,Apensado,Pronta para Pauta na Comissão de Constituição e Justiça e de Cidadania (CCJC); Aguardando Parecer do Relator na Comissão de Defesa dos Direitos da Mulher (CMULHER),http://www.camara.gov.br/proposicoesWeb/fichadetramitacao?idProposicao=405056
PL 3783/2008,Aborto,Plenário,"Ordinária (151, III, RICD)",A favor,"Acrescenta parágrafo ao Art. 391 da Consolidação das Leis do Trabalho - CLT, aprovada pelo Decreto-lei nº 5.452, de 1º de maio de 1943, para assegurar à mulher sob estabilidade provisória a continuidade do benefício em caso de falecimento do filho.",,Carlos Bezerra,MT,PMDB,8/5/2008,2008,,Tramitando em Conjunto,http://www2.camara.gov.br/proposicoesWeb/fichadetramitacao?idProposicao=405768
PL 3872/1989,Aborto,Plenário,"Ordinária (151, III, RICD)",Contra,"DA NOVA REDAÇÃO AOS ARTIGOS 124, 125 E 127 DO CODIGO PENAL, REFERENTES AO CRIME DE ABORTO.",AUMENTANDO A PENA PARA A PRATICA DO CRIME DE ABORTO).,MATHEUS IENSEN,PR,PMDB,10/18/1989,1989,Raiz,Arquivada,http://www2.camara.gov.br/proposicoesWeb/fichadetramitacao?idProposicao=216710
PL 3983/2015,Aborto,Plenário,"Ordinária (151, III, RICD)",Contra,Altera o artigo 128 do Decreto Lei 2.848 de 7 de dezembro de 1940 (Código Penal).,,Givaldo Carimbão ;Gorete Pereira ;Flavinho ;Diego Garcia ;Joaquim Passarinho ;Carlos Gomes ;Valtenir Pereira ;Sóstenes Cavalcante ;Jefferson Campos ;Izalci ;Roney Nemer ;Eros Biondini ;Professor Victório Galli,AL;CE;SP;PR;PA;RS;MT;RJ;SP;DF;DF;MG;MT,PROS ;PR ;PSB ;PHS ;PSD ;PRB ;PMB ;PSD ;PSD ;PSDB ;PMDB ;PTB ;PSC,12/15/2015,2015,Apensado,Tramitando em Conjunto,http://www2.camara.gov.br/proposicoesWeb/fichadetramitacao?idProposicao=2074902
PL 4396/2016,Aborto,Plenário,"Ordinária (151, III, RICD)",Contra,"Altera dispositivo do Código Penal (Decreto-Lei nº 2.848, de 7 de dezembro de 1940) para prever aumento de pena no caso de aborto cometido em razão da microcefalia ou anomalia do feto.",,Anderson Ferreira,PE,PR,2/16/2016,2016,Apensada,Pronta para Pauta na Comissão de Seguridade Social e Família (CSSF),http://www2.camara.gov.br/proposicoesWeb/fichadetramitacao?idProposicao=2077282
PL 4403/2004,Aborto,Plenário,"Ordinária (151, III, RICD)",A favor,"Acrescenta inciso ao art. 128 do Decreto-Lei nº 2.848, de 07 de dezembro de 1940 - Código Penal.","Isenta de pena a prática de ""aborto terapêutico"" em caso de anomalia do feto, incluindo o feto anencéfalo, que implique em impossibilidade de vida extra uterina.",Jandira Feghali ;Alice Portugal ;Iara Bernardi ;Professora Raquel Teixeira ;Maria do Rosário ;Vanessa Grazziotin ;Luiza Erundina ;Perpétua Almeida ;Juíza Denise Frossard,RJ;BA;SP;GO;RS;AM;SP;AC;RJ,PCdoB ;PCdoB ;PT ;PSDB ;PT ;PCdoB ;PSB ;PCdoB ;S.PART.,11/10/2004,2004,Raiz,Aguardando Designação de Relator na Comissão de Constituição e Justiça e de Cidadania (CCJC),http://www2.camara.gov.br/proposicoesWeb/fichadetramitacao?idProposicao=269436
PL 4474/1977,Aborto,Plenário,"Ordinária (151, III, RICD)",Contra,"ALTERA A REDAÇÃO DO ARTIGO 20, DO DECRETO-LEI Nº 3.688, DE 03 DE OUTUBRO DE 1941 (LEI DAS CONTRAVENÇÕES PENAIS).",PARA SUPRIMIR A EXPRESSÃO 'OU EVITAR A GRAVIDEZ'.,ERASMO MARTINS PEDRO,NI,NI,11/10/1977,1977,Raiz,Arquivada,http://www2.camara.gov.br/proposicoesWeb/fichadetramitacao?idProposicao=221825
PL 4641/2016,Aborto,"Conclusiva (24, II, RICD)","Ordinária (151, III, RICD)",Dúvida,"Altera a Lei Nº 8.742, de 7 de dezembro de 1993 e dá outras providências.",Trata de medidas de proteção e amparo às gestantes em situação de vulnerabilidade socioeconômica.,Flavinho,SP,PSB,3/8/2016,2016,Raiz,Aguardando Parecer do Relator na Comissão de Defesa dos Direitos da Mulher (CMULHER),http://www2.camara.gov.br/proposicoesWeb/fichadetramitacao?idProposicao=2078897
PL 4642/2016,Aborto,"Conclusiva (24, II, RICD)","Ordinária (151, III, RICD)",Contra,Dispõe sobre a prevenção e conscientização dos riscos e consequências relacionados ao aborto.,,Flavinho,SP,PSB,3/8/2016,2016,Raiz,Aguardando Designação de Relator na Comissão de Seguridade Social e Família (CSSF),http://www2.camara.gov.br/proposicoesWeb/fichadetramitacao?idProposicao=2078898
PL 4646/2016,Aborto,Plenário,"Ordinária (151, III, RICD)",Contra,"Altera o Decreto-Lei Nº 2.848, de 7 de dezembro de 1940 e a Lei Nº 8.072, de 25 de julho de 1990, para tipificar o crime de auxílio, induzimento ou instigação ao aborto e dá outras providências.",,Flavinho,SP,PSB,3/8/2016,2016,Apensado,Aguardando Designação de Relator na Comissão de Defesa dos Direitos da Mulher (CMULHER),http://www2.camara.gov.br/proposicoesWeb/fichadetramitacao?idProposicao=2078905
PL 4703/1998,Aborto,Plenário,"Ordinária (151, III, RICD)",Contra,"Acrescenta o inciso VIII e o § 1º ao art. 1º da Lei nº 8.072, de 25 de julho de 1990, que dispõe sobre os crimes hediondos.","Inclui como crime hediondo o aborto provocado pela gestante, ou por terceiros, com o seu consentimento.",Francisco Silva,RJ,PPB,8/11/1998,1998,Raiz,Aguardando Designação de Relator na Comissão de Defesa dos Direitos da Mulher (CMULHER),http://www2.camara.gov.br/proposicoesWeb/fichadetramitacao?idProposicao=21071
PL 478/2007,Aborto,Plenário,"Ordinária (151, III, RICD)",Contra,Dispõe sobre o Estatuto do Nascituro e dá outras providências.,"Altera o Decreto-Lei nº 2.848, de 1940 e a Lei nº 8.072, de 1990.",Luiz Bassuma ;Miguel Martini,BA;MG,PT ;PHS,3/19/2007,2007,Raiz,Pronta para Pauta na Comissão de Constituição e Justiça e de Cidadania (CCJC); Aguardando Parecer do Relator na Comissão de Defesa dos Direitos da Mulher (CMULHER),http://www2.camara.gov.br/proposicoesWeb/fichadetramitacao?idProposicao=345103
PL 4880/2016,Aborto,"Conclusiva (24, II, RICD)","Ordinária (151, III, RICD)",Contra,"Acrescenta dispositivo à Lei nº 8.069, de 13 de julho de 1990, para tornar obrigatória a comunicação, pelos estabelecimentos de saúde, de aborto ou de sua tentativa.",,Rômulo Gouveia,PB,PSD,3/30/2016,2016,Raiz,Aguardando Designação de Relator na Comissão de Seguridade Social e Família (CSSF),http://www2.camara.gov.br/proposicoesWeb/fichadetramitacao?idProposicao=2080955
PL 489/2007,Aborto,Plenário,"Ordinária (151, III, RICD)",Contra,Dispõe sobre o Estatuto do Nascituro e dá outras providências.,"Altera o Decreto-Lei nº 2.848, de 1940 e a Lei nº 8.072, de 1990.",Odair Cunha,MG,PT,3/20/2007,2007,Apensado,Pronta para Pauta na Comissão de Constituição e Justiça e de Cidadania (CCJC); Aguardando Parecer do Relator na Comissão de Defesa dos Direitos da Mulher (CMULHER),http://www2.camara.gov.br/proposicoesWeb/fichadetramitacao?idProposicao=345301
PL 4917/2001,Aborto,Plenário,"Ordinária (151, III, RICD)",Contra,"Inclui inciso no art. 1º da Lei nº 8.072, de 25 de julho de 1990, tipificando como hediondo o crime de aborto, e altera os arts. 124, 125 e 126 do Código Penal Brasileiro, e dá outras providências.","Altera o Decreto-lei nº 2.848, de 1940.",Givaldo Carimbão,AL,PSB,6/26/2001,2001,Apensado,Aguardando Designação de Relator na Comissão de Defesa dos Direitos da Mulher (CMULHER),http://www2.camara.gov.br/proposicoesWeb/fichadetramitacao?idProposicao=29946
PL 499/1988,Aborto,Plenário,"Ordinária (151, III, RICD)",Contra,"AUTORIZA ATIVIDADES DE PRATICAS E MEIOS ANTICONCEPCIONAIS, E DA OUTRAS PROVIDENCIAS.",,INOCENCIO OLIVEIRA,PE,PFL,4/5/1988,1988,Raiz,Arquivada,http://www2.camara.gov.br/proposicoesWeb/fichadetramitacao?idProposicao=177892
PL 5058/2005,Aborto,Plenário,"Prioridade (151, II, RICD)",Contra,"Regulamenta o art. 226, § 7º, da Constituição Federal, dispondo sobre a inviolabilidade do direito à vida, definindo a eutanásia e a interrupção voluntária da gravidez como crimes hediondos, em qualquer caso.","Altera o Decreto-Lei nº 2.848, de 1940 e a Lei nº 8.072, de 1990.",Osmânio Pereira,MG,PTB,4/13/2005,2005,Raiz,Arquivada,http://www2.camara.gov.br/proposicoesWeb/fichadetramitacao?idProposicao=281681
PL 5069/2013,Aborto,Plenário,"Ordinária (151, III, RICD)",Contra,"Acrescenta o art. 127-A ao Decreto-Lei nº 2.848, de 7 de dezembro de 1940 - Código Penal.",Tipifica como crime contra a vida o anúncio de meio abortivo e prevê penas específicas para quem induz a gestante à prática de aborto.,Eduardo Cunha;Isaias Silvestre;João Dado;Andre Moura;Arolde de Oliveira;Padre Ton;Arnaldo Faria de Sá;Aureo;Lincoln Portela;João Campos;Roberto de Lucena;Marcos Rogério;José Linhares,RJ;MG;SP;SE;RJ;RO;SP;RJ;MG;GO;SP;RO;CE,PMDB ;PSB ;PDT ;PSC ;PSD ;PT ;PTB ;PRTB ;PR ;PSDB ;PV ;PDT ;PP,2/27/2013,2013,Raiz,Pronta para Pauta,http://www2.camara.gov.br/proposicoesWeb/fichadetramitacao?idProposicao=565882
PL 5166/2005,Aborto,Plenário,"Ordinária (151, III, RICD)",Contra,"Dispõe sobre os crimes de antecipação terapêutica de parto de feto anencefálico ou inviável, e dá outras providências.",,Takayama,PR,PMDB,5/5/2005,2005,,Tramitando em Conjunto,http://www2.camara.gov.br/proposicoesWeb/fichadetramitacao?idProposicao=284607
PL 5617/2016,Aborto,"Conclusiva (24, II, RICD)","Ordinária (151, III, RICD)",Contra,Institui o Dia Nacional de Conscientização Antiaborto.,,Pr. Marco Feliciano,SP,PSC,6/20/2016,2016,Apensado,Aguardando Designação de Relator na Comissão de Seguridade Social e Família (CSSF),http://www2.camara.gov.br/proposicoesWeb/fichadetramitacao?idProposicao=2088652
PL 567/1983,Aborto,Plenário,"Ordinária (151, III, RICD)",Dúvida,AUTORIZA A DISTRIBUIÇÃO GRATUITA DE ANOVULATORIOS.,,INOCENCIO OLIVEIRA,PE,PDS,4/25/1983,1983,Raiz,Arquivada,http://www2.camara.gov.br/proposicoesWeb/fichadetramitacao?idProposicao=178975